Name,Crunchbase,Website,Twitter,Facebook,Linkedin,Company size,Headquarters,Founded,Offices,Revenue,EBITDA,Phone,CEO,CFO,CTO
HammerTech Global,https://www.crunchbase.com/organization/hammertech-global,http://www.hammertechglobal.com,,,https://www.linkedin.com/company/hammer-technologies-pty-ltd/,51-200 employees,"Richmond, Victoria",2013,3,,,,,,
Archistar.ai,https://www.crunchbase.com/organization/archistar,http://www.archistar.ai,,https://www.facebook.com/archistarai,https://www.linkedin.com/company/archistarai/,51-200 employees,"Sydney, NSW",,1,,,,,,
Ingenia Communities Group,https://www.crunchbase.com/organization/ingenia-communities-group,http://www.ingeniacommunities.com.au,,https://www.facebook.com/ingeniacommunities/,https://www.linkedin.com/company/ingenia-communities/,"501-1,000 employees","Sydney, NSW",,2,289970000,91182000,,,,
canibuild,https://www.crunchbase.com/organization/canibuild,http://www.canibuild.com,https://www.twitter.com/canibuild1,https://www.facebook.com/Canibuild-109018857115950/,https://www.linkedin.com/company/canibuild/,11-50 employees,"Sydney, New South Wales",,2,,,1300 102 495,,,
Sitemate,https://www.crunchbase.com/organization/sitemate,https://sitemate.com,https://twitter.com/sitematehq,https://www.facebook.com/sitematehq/,https://www.linkedin.com/company/sitemate-technologies/,11-50 employees,"Sydney, NSW",2015,1,,,(+61) 2-8103-3140,,,
SignOnSite,https://www.crunchbase.com/organization/signonsite,http://www.signonsite.com,https://twitter.com/signonsite,https://www.facebook.com/signonsite,https://www.linkedin.com/company/signonsite/,11-50 employees,"Canberra, ACT",2013,1,,,(+61) 1800 744 666,,,
Endeavour Programme,https://www.crunchbase.com/organization/endeavour-programme-2736,https://octantai.com/,,,https://www.linkedin.com/company/octantai/,2-10 employees,,2017,3,,,,,,
PlantMiner,https://www.crunchbase.com/organization/plantminer,https://marketplace.felix.net,https://twitter.com/PlantMinerAU,https://www.facebook.com/PlantMiner,https://www.linkedin.com/company/felix-vendor-marketplace/,51-200 employees,"Brisbane, QLD",2012,1,,,,,,
HiveUAV,https://www.crunchbase.com/organization/hiveuav,http://hiveuav.com,https://twitter.com/@hiveuav,https://www.facebook.com/hiveuav,https://www.linkedin.com/company/hiveuav/,11-50 employees,,2014,,,,,,,
Parkd,https://www.crunchbase.com/organization/parkd-d9cd,http://www.parkdgroup.com,https://twitter.com/parkd_ltd,https://www.facebook.com/pg/parkdgroup/about/?ref=page_internal,https://www.linkedin.com/company/parkd-group/,2-10 employees,"Perth, Western Australia",2016,1,121300,-573733,,Mr. Peter  McUtchen,,
The Safety Compass,https://www.crunchbase.com/organization/safety-compass,http://www.thesafetycompass.com.au/,https://twitter.com/safetycompassau,https://www.facebook.com/thesafetycompass,,,,,,,,,,,
HiKey Resources,https://www.crunchbase.com/organization/hikey-resources,http://www.hikey-resources.com,https://www.twitter.com/hikeyresources,https://www.facebook.com/hikeyresources,https://www.linkedin.com/company/hikey-resources/,2-10 employees,"Maroubra, NSW",,2,,,,,,
PT Blink,https://www.crunchbase.com/organization/pt-blink,https://ptblink.com,,https://www.facebook.com/ptblinktech/,https://www.linkedin.com/company/ptblink/,11-50 employees,"Sydney, New South Wales",,1,,,+61 1300 77 88 12,,,
Carapace Slate,https://www.crunchbase.com/organization/carapace-slate,http://www.carapaceslate.com,https://twitter.com/CarapaceSlate,https://www.facebook.com/CarapaceSlate/,https://www.linkedin.com/company/sunscape-systems/,2-10 employees,"Penarth, Vale of Glamorgan",2012,1,,,,,,
Lendlease,https://www.crunchbase.com/organization/lend-lease,http://www.lendlease.com,https://twitter.com/lendleasegroup,https://www.facebook.com/LendleaseGroup/,https://www.linkedin.com/company/lendlease/,"5,001-10,000 employees","Barangaroo, NSW",1958,4,9771000000,623000000,,Mr. Anthony Peter Lombardo,Mr. Simon Collier  Dixon,
Neometals,https://www.crunchbase.com/organization/neometals,https://www.neometals.com.au/,https://twitter.com/neometalsltd,,,,,,,,,,"Mr. Christopher John Reed GrdCerMinEcon, ASA, MAusIMM",Mr. Jason  Carone,
Downer EDI Ltd,https://www.crunchbase.com/organization/downer-edi-ltd,http://www.downergroup.com,https://www.twitter.com/downergroup,,,,,,,11512800000,825900000,,,,
Boral Ltd,https://www.crunchbase.com/organization/boral-ltd,http://www.boral.com.au/,https://www.twitter.com/boralproducts,https://www.facebook.com/boralproducts,,,,,,2924100000,574500000,,"Mr. Zlatko  Todorcevski B.Com., FCPA, M.B.A., MBA",,
EstimateOne,https://www.crunchbase.com/organization/estimateone,http://www.estimateone.com,,https://www.facebook.com/estimateoneau,https://www.linkedin.com/company/estimateone-pty-ltd/,51-200 employees,"Richmond, Victoria",2010,1,,,1300 705 035,,,
Acrow Formwork & Scaffolding,https://www.crunchbase.com/organization/acrow-formwork-scaffolding,http://www.acrow.com.au,,,https://www.linkedin.com/company/acrow/,201-500 employees,"Revesby, New South Wales",1936,8,,,1300138362,,,
Metricon Homes,https://www.crunchbase.com/organization/metricon-homes,http://www.metricon.com.au,https://twitter.com/MetriconHomes,https://www.facebook.com/metricon,https://www.linkedin.com/company/metricon/,"1,001-5,000 employees","Mt Waverley, VIC",1976,4,,,,,,
UGL Limited,https://www.crunchbase.com/organization/ugl-limited,http://www.ugllimited.com,,,https://www.linkedin.com/company/ugl-limited/,"5,001-10,000 employees","North Sydney, NSW",1970,6,,,,,,
Cribber,https://www.crunchbase.com/organization/cribber,http://www.cribber.com,https://twitter.com/cribberapp,https://www.facebook.com/cribberapp/,https://www.linkedin.com/company/cribber/,2-10 employees,,2015,,,,,,,
Multiplex,https://www.crunchbase.com/organization/multiplex,http://www.multiplex.global,,,https://www.linkedin.com/company/multiplex/,"5,001-10,000 employees","Sydney CBD, NSW",1962,7,,,,,,
DECMIL,https://www.crunchbase.com/organization/decmil,http://www.decmil.com,,,https://www.linkedin.com/company/decmil-australia/,201-500 employees,"Perth, WA",1978,3,,,,,,
Currie & Brown (Australia),https://www.crunchbase.com/organization/currie-brown-australia,http://www.curriebrown.com,https://twitter.com/curriebrown,https://www.facebook.com/Currie-Brown-260889783936635/,https://www.linkedin.com/company/currie-and-brown/,"1,001-5,000 employees","London, London",1919,5,,,,,,
Brickworks,https://www.crunchbase.com/organization/brickworks,https://www.brickworks.com.au,,,,,,,,887981000,421663000,,,"Mr. Robert Canvin Bakewell B.Com., C.A., B.Comm, C.A",
ConX,https://www.crunchbase.com/organization/conx,http://www.conx.co,https://twitter.com/ConXjobs,https://www.facebook.com/ConXjobs/,https://www.linkedin.com/company/conx/,2-10 employees,"Sydney, NSW",2015,1,,,+61 2 8003 3037,Mr. Kyle Jason Kiser,,
Expocentric,https://www.crunchbase.com/organization/expocentric,http://www.expocentric.com.au,https://www.twitter.com/3xpocentric,https://www.facebook.com/expocentricfan,https://www.linkedin.com/company/expo-centric/,51-200 employees,"Rydalmere, NSW",2009,2,,,+61 2 9937 1500,,,
CIMIC Group,https://www.crunchbase.com/organization/cimic-group,https://www.cimic.com.au,https://www.twitter.com/CIMICGroup,,https://www.linkedin.com/company/cimic-group-limited/,"10,001+ employees","North Sydney, NSW",1949,1,6213900000,-1756300000,,Mr. Juan  Santamaria,Mr. Emilio  Grande L.L.B.,
Aurecon Engineering,https://www.crunchbase.com/organization/aurecon-engineering,http://www.aurecongroup.com/en.aspx,https://www.twitter.com/aurecon,https://www.facebook.com/aurecon,,,,,,,,,,,
Veyor,https://www.crunchbase.com/organization/veyor,http://www.veyordigital.com,,,https://www.linkedin.com/company/veyordigital/,11-50 employees,"Darlinghurst, Sydney, New South Wales",2017,2,,,+61 2 8073 7665,,,
Austal,https://www.crunchbase.com/organization/austal,http://www.austal.com,https://twitter.com/austal,https://www.facebook.com/austal,https://www.linkedin.com/company/austal-/,"5,001-10,000 employees","Henderson, Western Australia",1988,4,1572175000,162008000,,Mr. Patrick  Gregg,Mr. Greg  Jason,
Monadelphous Group,https://www.crunchbase.com/organization/monadelphous-group,http://www.monadelphous.com.au,,https://www.facebook.com/MonadelphousCareers,https://www.linkedin.com/company/monadelphous/,"5,001-10,000 employees","Perth, Western Australia",,2,1753738000,96661000,,,Mr. Philip  Trueman,
SUNTOP Group of companies,https://www.crunchbase.com/organization/space-matrix-design-consultants,http://www.suntopgroup.com,,https://www.facebook.com/suntop,https://www.linkedin.com/company/suntopstorefixture/,"1,001-5,000 employees","Xiamen, Fujian",2004,1,,,+86 592 3605599-802,,,
Richard Crookes Constructions,https://www.crunchbase.com/organization/richard-crookes-constructions,http://www.richardcrookes.com.au,,https://www.facebook.com/richardcrookesconstructions,https://www.linkedin.com/company/richard-crookes-constructions/,"501-1,000 employees","Artarmon, NSW",1976,5,,,02 9902 4700,,,
Sync Technologies,https://www.crunchbase.com/organization/sync-technologies,http://www.synctech.io,,,https://www.linkedin.com/company/synctechnologies/,2-10 employees,"Sydney, New South Wales",2020,4,276161000,14907000,,Mr. Jeffrey George Miller,Mr. Taylor C. Greenwald,Mr. Patrick J. Doran
Coates Hire,https://www.crunchbase.com/organization/coates-hire,https://www.coates.com.au/,https://twitter.com/coateshire,https://www.facebook.com/CoatesHire/,https://www.linkedin.com/company/coates-hire_2/,"1,001-5,000 employees","Mascot, NSW",1885,1,,,,,,
Trackâ€™em,https://www.crunchbase.com/organization/track-em,http://www.trackem.com.au,https://twitter.com/thetrackem,https://www.facebook.com/TheTrackem/,https://www.linkedin.com/company/thetrackem/,11-50 employees,"Perth, Western Australia",2014,1,,,,,,
Service Stream,https://www.crunchbase.com/organization/service-stream,http://www.servicestream.com.au,,,https://www.linkedin.com/company/service-stream/,"1,001-5,000 employees","Melbourne, Victoria",,1,803006000,74236000,+61 3 9677 8888,,Ms. Linda  Kow,
Metcalfe Plant Hire Ltd,https://www.crunchbase.com/organization/metcalfe-plant-hire-ltd,https://www.metcalfe-plant-hire.co.uk/,https://twitter.com/MetcalfePH,,,,,,,,,,,,
Ausco Holdings PTY Limited,https://www.crunchbase.com/organization/ausco-holdings-pty-limited,http://www.800plateau.com,https://www.twitter.com/https://twitter.com/auscomodular,https://ausco.com.au/,https://www.linkedin.com/company/the-plateau-group-inc-/,51-200 employees,"Crossville, TN",1982,1,,,,,,
Johns Lyng Group,https://www.crunchbase.com/organization/johns-lyng-group,http://www.johnslyng.com.au,,,https://www.linkedin.com/company/johns-lyng-group/,"501-1,000 employees","Doncaster, VIC",,4,568373000,49571000,,"Mr. Scott Andrew Didier A.M., AM",Mr. Matthew  Lunn,
BuildPass,https://www.crunchbase.com/organization/buildpass,https://buildpass.com.au,,,https://www.linkedin.com/company/buildpass/,2-10 employees,"Melbourne, VIC",2021,1,,,,,,
NDY Group,https://www.crunchbase.com/organization/ndy-group,http://www.ndy.com,https://www.twitter.com/ndygroup,https://www.facebook.com/ndygroup,https://www.linkedin.com/company/norman-disney-&-young/,"501-1,000 employees","West Melbourne, Victoria",1959,12,,,,,,
Shelf Subsea Pty Ltd,https://www.crunchbase.com/organization/shelf-subsea-pty-ltd,http://www.shelfsubsea.com/,https://www.twitter.com/shelfsubsea,https://www.facebook.com/shelfsubsea,https://www.linkedin.com/company/shelf-subsea-pty-ltd/,51-200 employees,"Osborne Park, Western Australia",,4,,,,,,
John Holland,https://www.crunchbase.com/organization/john-holland-8a86,http://www.johnholland.com.au,https://twitter.com/johnhollandaus?lang=en,https://www.facebook.com/johnhollandaus,https://www.linkedin.com/company/john-holland/,"5,001-10,000 employees","Melbourne CBD, Victoria",,4,,,,,,
Golding Contractors,https://www.crunchbase.com/organization/golding-contractors,http://www.golding.com.au,,,https://www.linkedin.com/company/golding-contractors-pty-ltd/,"1,001-5,000 employees","Milton, Queensland",1942,6,,,,,,
Frontier Microscopy,https://www.crunchbase.com/organization/forntier-microscopy,http://www.frontiermicroscopy.com,https://twitter.com/frontiermicro,https://www.facebook.com/FrontierMicro/,https://www.linkedin.com/company/frontier-microscopy/,2-10 employees,"Adelaide, South Australia",2016,1,,,,,,
Force Fire,https://www.crunchbase.com/organization/force-fire,http://forcefire.com.au,,,https://www.linkedin.com/company/force-fire/,51-200 employees,"Newington, New South Wales",2004,1,,,1300 66 77 04,,,
ParaSpace,https://www.crunchbase.com/organization/paraspace,http://paraspace.com.au,,https://www.facebook.com/ParaSpace-245020566436605/,https://www.linkedin.com/company/paraspace/,2-10 employees,"Brisbane City, Queensland",2018,1,,,,,,
Bidhive,https://www.crunchbase.com/organization/bidhive,http://www.bidhive.com,https://www.twitter.com/bidhive,https://www.facebook.com/bidhive,https://www.linkedin.com/company/bidhive,2-10 employees,"Fortitude Valley, Queensland",2017,1,,,419664477,,,
Inauro,https://www.crunchbase.com/organization/inauro,https://www.inauro.io,https://twitter.com/_InAuro,,https://www.linkedin.com/company/inauro/,11-50 employees,"Lavender Bay, New South Wales",,1,,,,,,
Gwa Group,https://www.crunchbase.com/organization/gwa-group,http://www.gwagroup.com.au/,,,https://www.linkedin.com/company/gwagroup/,"501-1,000 employees",,,3,405736000,76636000,,"Mr. Urs B. Meyerhans CA(CH), CFTP (Snr), FCPA, MAICD","Mr. Patrick A. Gibson B.A., BA, CGMA, F.C.M.A., FAICD, FCIS, FCMA, FGIA",
ADCO Constructions,https://www.crunchbase.com/organization/adco-constructions,https://www.adcoconstruct.com.au,,https://www.facebook.com/ADCOConstructionsAU/,https://www.linkedin.com/company/adco-constructions/,"501-1,000 employees","North Sydney, NSW",1972,5,,,,,,
Toplace,https://www.crunchbase.com/organization/toplace-group,http://www.toplace.com.au/,,,https://www.linkedin.com/company/toplacegroup/,11-50 employees,"Sydney, NSW",2009,1,,,,,,
FritsGo,https://www.crunchbase.com/organization/fritsgo,https://fritsgo.com,,https://www.facebook.com/FritsGoapp,https://www.linkedin.com/company/fritsgo/,2-10 employees,"Perth, WA",2018,1,,,,,,
BuildSort,https://www.crunchbase.com/organization/buildsort,http://buildsort.com,https://twitter.com/BuildSort,https://www.facebook.com/BuildSort/,https://www.linkedin.com/company/buildsort/,2-10 employees,"South Fremantle, Western Australia",2018,1,,,,,,
Seymour Whyte,https://www.crunchbase.com/organization/seymour-whyte,https://www.seymourwhyte.com.au,,,,,,,,,,,,,
Buildsoft,https://www.crunchbase.com/organization/buildsoft,http://www.buildsoft.com.au,https://twitter.com/BuildsoftAU,https://www.facebook.com/BuildsoftEstimating,https://www.linkedin.com/company/buildsoft-pty-ltd/,11-50 employees,"Campbelltown, Sydney, NSW",1985,1,,,,,,
Ecostar,https://www.crunchbase.com/organization/ecostar,http://www.ecostardoubleglazing.com.au/,https://twitter.com/ecostar_au,https://www.facebook.com/ecostardoubleglazingaustralia,https://www.linkedin.com/company/ecostar-double-glazing/,51-200 employees,"Dandenong South, Victoria",1979,1,,,1300 963 231,,,
Broadspectrum,https://www.crunchbase.com/organization/transfield-services,http://www.ventia.com,https://twitter.com/BroadServices,https://www.facebook.com/pg/BroadspectrumGroup/,https://www.linkedin.com/company/broadspectrum-a-ventia-company/,"10,001+ employees","North Sydney, New South Wales, Australia",,1,,,,,,
Wagners,https://www.crunchbase.com/organization/wagners,http://www.wagner.com.au,,,https://www.linkedin.com/company/wagners/,"501-1,000 employees","Wellcamp, Queensland",1989,6,320650000,43731000,07 4637 7777,,Mr. Fergus  Hume,
Kapitol Group,https://www.crunchbase.com/organization/kapitol-group,http://www.kapitolgroup.com.au,,,https://www.linkedin.com/company/kapitol-groupau/,51-200 employees,"Docklands, Victoria",2018,1,,,,,,
J&P Richardson Industries,https://www.crunchbase.com/organization/j-p-richardson-industries,http://www.jpr.com.au/,,,,,,,,,,,,,
Udrew,https://www.crunchbase.com/organization/udrew,http://www.udrew.com.au/,,https://www.facebook.com/udrewptyltd/?hc_ref=ARSIrTIl9UsTfluMqPjQXserbza2Qt1talnvcfMgOQiu-8wf-8ErU1ZhumydahMTkWU&fref=nf&__tn__=kC-R,https://www.linkedin.com/company/udrewptyltd/,11-50 employees,"Inglewood, Western Australia",2017,1,,,,,,
Austral Construction Pty Ltd.,https://www.crunchbase.com/organization/austral-construction-pty-ltd,http://www.australconstruction.com.au/,,,,,,,,,,,,,
Construction Sciences,https://www.crunchbase.com/organization/construction-sciences,https://constructionsciences.net,,,https://www.linkedin.com/company/construction-sciences/,"1,001-5,000 employees","Albion, Queensland",1990,1,,,,,,
Adelaide Brighton,https://www.crunchbase.com/organization/adelaide-brighton,https://www.adbri.com.au,,,https://www.linkedin.com/company/adelaide-brighton-ltd/,"1,001-5,000 employees","Adelaide, South Australia",,2,,,,,,
Hendry,https://www.crunchbase.com/organization/hendry,http://www.hendry.com.au/,https://twitter.com/hendrygroup,,https://www.linkedin.com/company/hendry-group/,51-200 employees,"Melbourne, Victoria",1982,5,,,1800 873 371,,,
Wesbeam,https://www.crunchbase.com/organization/wesbeam,http://www.wesbeam.com,,https://www.facebook.com/wesbeamaustralia/,https://www.linkedin.com/company/wesbeam-pty-ltd/,51-200 employees,"Perth, WA",2002,5,,,,,,
CPB Contractors,https://www.crunchbase.com/organization/cpb-contractors,http://www.cpbcon.com.au/,https://twitter.com/cpbcontractors,https://www.facebook.com/CPBContractors/,https://www.linkedin.com/company/cpb-contractors/,"10,001+ employees","North Sydney, NSW",1949,2,,,,,,
Wood & Grieve Engineers,https://www.crunchbase.com/organization/wood-grieve-engineers,https://www.linkedin.com/company/stantec/,https://twitter.com/@woodandgrieve,,https://www.linkedin.com/company/wood-&-grieve-engineers/,"501-1,000 employees","Perth, WA",,6,,,,,,
Fredon,https://www.crunchbase.com/organization/fredon,http://www.fredon.com.au,https://www.twitter.com/@FREDON_,https://www.facebook.com/Fredongroup/,https://www.linkedin.com/company/fredon/,"1,001-5,000 employees","Silverwater, NSW",1968,6,,,,Mr. Estanislao Ricardo Auriemma,Mr. Carlos  Espinosa,
Planitree,https://www.crunchbase.com/organization/planitree,https://www.planitree.com,,,https://www.linkedin.com/company/planitree/,2-10 employees,"Bowral, New South Wales",2020,1,,,,,,
Anility,https://www.crunchbase.com/organization/anility,http://www.anility.io,,https://www.facebook.com/anilityapp/,https://www.linkedin.com/company/anility/,11-50 employees,"Sydney, NSW",2015,1,,,,,,
Buildingsense,https://www.crunchbase.com/organization/buildingsense,http://buildingsense.com.au/,,,,,,,,,,,,,
Interlink Power & Energy,https://www.crunchbase.com/organization/interlink-power-energy,http://www.interlinkpowersystems.com/,https://twitter.com/interlink_power,https://www.facebook.com/interlinkpower,,,,,,,,,,,
Spa Electrics,https://www.crunchbase.com/organization/spa-electrics,http://www.spaelectrics.com.au,https://twitter.com/SpaElectrics,https://www.facebook.com/pg/SpaElectrics/,https://www.linkedin.com/company/spa-electrics/,11-50 employees,"Dandenong South, Victoria",1976,1,,,397932299,,,
Glaass,https://www.crunchbase.com/organization/glaass,https://www.glaass.net/,https://twitter.com/glaasssoftware,https://www.facebook.com/GlaassSoftware,https://www.linkedin.com/company/glaass/,11-50 employees,"Gold Coast, Queensland",2013,1,,,+61 410 290 141,,,
Tiler Tiling Perth,https://www.crunchbase.com/organization/tiler-tiling-perth,https://www.tilertilingperth.com.au,https://mobile.twitter.com/PerthTiler/media,,,,,,,,,,,,
Underground Cable Systems,https://www.crunchbase.com/organization/underground-cable-systems,http://www.ucs.com.au/,,,,,,,,,,,,,
Concept Concrete Pty Ltd,https://www.crunchbase.com/organization/concept-concrete-pty-ltd,http://conceptconcrete.com.au/,https://www.twitter.com/conceptconcrete,https://www.facebook.com/conceptconcrete,,,,,,,,,,,
Himac Skid Steer Attachments,https://www.crunchbase.com/organization/himac-skid-steer-attachments,http://www.himac.com.au,,https://www.facebook.com/himacattachments,https://www.linkedin.com/company/himac-attachments/,11-50 employees,"Albany, WA",,1,,,,,,
Electrician To The Rescue,https://www.crunchbase.com/organization/electrician-to-the-rescue,http://www.electriciantotherescue.com.au/,https://www.twitter.com/electotherescue,https://www.facebook.com/209512619173654,,,,,,,,,,,
Parchem,https://www.crunchbase.com/organization/parchem,https://www.parchem.com.au,,,https://www.linkedin.com/company/parchem-construction-supplies-pty-ltd/,201-500 employees,"Clayton, Victoria",,4,,,1300 737 787,,,
Gr Engineering Svcs,https://www.crunchbase.com/organization/gr-engineering-svcs,https://www.gres.com.au/,,,https://www.linkedin.com/company/gr-engineering-services/,201-500 employees,"Ascot, Western Australia",2006,3,,,+61 8 6272 6000,,,
Hutchinson Builders,https://www.crunchbase.com/organization/hutchinson-builders,http://www.hutchinsonbuilders.com.au,https://twitter.com/hutchies1912?lang=en,https://www.facebook.com/hutchies1912/,https://www.linkedin.com/company/hutchinson-builders/,"1,001-5,000 employees","Brisbane, QLD",1912,15,,,,,,
Petra Industries,https://www.crunchbase.com/organization/petra-industries-bce4,https://www.petraindustries.com.au/,,,https://www.linkedin.com/company/petra-australia/,51-200 employees,"Melbourne, Victoria",2018,1,,,,,,
Protech Group,https://www.crunchbase.com/organization/protech-group,http://www.protech.com.au,,https://www.facebook.com/ProtechGroupAustralia/,https://www.linkedin.com/company/protech-group/,"1,001-5,000 employees","Springwood, QLD",2006,20,,,1800 477 683,,,
Atlas Arteria,https://www.crunchbase.com/organization/atlas-arteria,https://www.atlasarteria.com/,,,,,,,,89872000,275953000,,,,
ULS Group,https://www.crunchbase.com/organization/uls-group,http://www.ulsgroup.com.au,,,https://www.linkedin.com/company/uls-group-pty-ltd/,51-200 employees,"Melbourne, Victoria",2001,1,7483809000,1600775000,,Mr. Shigeru  Urushibara,,
Commercial & Industrial Property Pty Ltd.,https://www.crunchbase.com/organization/commercial-industrial-property-pty-ltd,https://au.esr.com/,,,https://www.linkedin.com/company/esraustralia/,51-200 employees,"Sydney, New South Wales",2018,1,,,,,,
Duratec Australia,https://www.crunchbase.com/organization/duratec-australia,http://www.duratec.com.au,,,https://www.linkedin.com/company/duratec-australia/,"501-1,000 employees","Wangara, WA",2010,16,,,1300 402 401,,,
BMD group,https://www.crunchbase.com/organization/bmd-group,http://www.bmd.com.au,,https://www.facebook.com/THEBMDGROUP,https://www.linkedin.com/company/bmd-group-pty-ltd/,"1,001-5,000 employees","PORT OF BRISBANE, Queensland",1979,7,,,,,,
Buckeridge Group of Companies,https://www.crunchbase.com/organization/buckeridge-group-of-companies,http://www.bgc.com.au/,,,https://www.linkedin.com/company/bgc-australia-pty-ltd/,"1,001-5,000 employees","Perth, Western Australia",,1,,,,,,
G&M Stor-More,https://www.crunchbase.com/organization/g-m-stor-more,http://www.gmstormore.com.au/,,,,,,,,,,,,,
Nacap Australia,https://www.crunchbase.com/organization/nacap-australia,http://nacap.com.au/,,,,,,,,,,,,,
Tecside Group,https://www.crunchbase.com/organization/tecside-group,http://www.tecside.com.au,https://twitter.com/TecsideRecruit,https://www.facebook.com/tecside,https://www.linkedin.com/company/tecside-group/,"1,001-5,000 employees","South Perth, Western Australia",1996,10,,,08 9363 3800,,,
UAP Company,https://www.crunchbase.com/organization/uap-company,https://www.uapcompany.com,https://twitter.com/UAPcompany,https://www.facebook.com/pg/uapco/,https://www.linkedin.com/company/urbanartprojects/,51-200 employees,,1993,7,,,,,,
Ausreo,https://www.crunchbase.com/organization/ausreo,https://ausreo.com.au,,,https://www.linkedin.com/company/ausreo-pty-limited/,201-500 employees,"Wetherill Park, NSW",2000,19,,,,,,
