Name,Crunchbase,Website,Twitter,Facebook,Linkedin,CEO,CFO,CTO,Revenue,EBITDA
HammerTech Global,https://www.crunchbase.com/organization/hammertech-global,https://hammertechglobal.com/,,,https://www.linkedin.com/company/hammer-technologies-pty-ltd/,"Leach, Ben","Stassen, Wynand","Harris, James",,
Archistar.ai,https://www.crunchbase.com/organization/archistar,https://archistar.ai,,https://www.facebook.com/archistarai,https://www.linkedin.com/company/archistar-academy,,,,,
Ingenia Communities Group,https://www.crunchbase.com/organization/ingenia-communities-group,http://www.ingeniacommunities.com.au/,,https://www.facebook.com/ingeniacommunities/,https://in.linkedin.com/company/ingenia-communities,"Owen, Simon Richard","Noble, Scott Cameron",,296400000.0,96800000.0
canibuild,https://www.crunchbase.com/organization/canibuild,https://canibuild.com/,https://www.twitter.com/canibuild1,https://www.facebook.com/Canibuild-109018857115950/,https://www.linkedin.com/company/canibuild/,,,,,
Sitemate,https://www.crunchbase.com/organization/sitemate,https://sitemate.com,https://twitter.com/sitematehq,https://www.facebook.com/sitematehq/,https://www.linkedin.com/company/sitemate-technologies/,,,,,
SignOnSite,https://www.crunchbase.com/organization/signonsite,https://signonsite.com.au,https://twitter.com/signonsite,https://www.facebook.com/signonsite,https://www.linkedin.com/company/signonsite,,,,,
Endeavour Programme,https://www.crunchbase.com/organization/endeavour-programme-2736,https://www.endeavourprogramme.com/,,,https://www.linkedin.com/company/endeavour-programme-pty-ltd/,,,,,
PlantMiner,https://www.crunchbase.com/organization/plantminer,http://www.plantminer.com.au/,https://twitter.com/PlantMinerAU,https://www.facebook.com/PlantMiner,https://www.linkedin.com/company/plantminer,,,,,
HiveUAV,https://www.crunchbase.com/organization/hiveuav,http://www.hiveuav.com/,https://twitter.com/@hiveuav,https://www.facebook.com/hiveuav,https://www.linkedin.com/company/hiveuav,,,,,
Parkd,https://www.crunchbase.com/organization/parkd-d9cd,http://www.parkdgroup.com/,https://twitter.com/parkd_ltd,https://www.facebook.com/pg/parkdgroup/about/?ref=page_internal,https://www.linkedin.com/company/17897966/,,,,,
The Safety Compass,https://www.crunchbase.com/organization/safety-compass,http://www.thesafetycompass.com.au/,https://twitter.com/safetycompassau,https://www.facebook.com/thesafetycompass,https://www.linkedin.com/company-beta/5516633/,"Eckersley-Maslin, Sebastien",,,,
HiKey Resources,https://www.crunchbase.com/organization/hikey-resources,http://www.hikey-resources.com,https://www.twitter.com/hikeyresources,https://www.facebook.com/hikeyresources,https://www.linkedin.com/company/hikey-resources,,,,,
PT Blink,https://www.crunchbase.com/organization/pt-blink,http://ptblink.com/,,https://www.facebook.com/ptblinktech/,https://www.linkedin.com/company/pt-blink/,,,,,
Carapace Slate,https://www.crunchbase.com/organization/carapace-slate,http://www.carapaceslate.com/,https://twitter.com/CarapaceSlate,https://www.facebook.com/CarapaceSlate/,https://www.linkedin.com/company/sunscape-systems/,,,,,
Lendlease,https://www.crunchbase.com/organization/lend-lease,http://www.lendlease.com/,https://twitter.com/lendleasegroup,https://www.facebook.com/LendleaseGroup/,https://www.linkedin.com/company/lend-lease/,"Lombardo, Anthony Peter","Dixon, Simon Collier",,9892000000.0,126000000.0
Neometals,https://www.crunchbase.com/organization/neometals,https://www.neometals.com.au/,https://twitter.com/neometalsltd,,,"Reed, Christopher John","Carone, Jason",,,16500000.0
Downer EDI Ltd,https://www.crunchbase.com/organization/downer-edi-ltd,http://www.downergroup.com,https://www.twitter.com/downergroup,,https://www.linkedin.com/company-beta/63273?pathWildcard=63273,"Fenn, Grant Anthony","Ferguson, Michael James",,11543700000.0,583200000.0
Boral Ltd,https://www.crunchbase.com/organization/boral-ltd,http://www.boral.com.au/,https://www.twitter.com/boralproducts,https://www.facebook.com/boralproducts,,"Todorcevski, Zlatko",,,2924100000.0,359800000.0
EstimateOne,https://www.crunchbase.com/organization/estimateone,http://www.estimateone.com,,https://www.facebook.com/estimateoneau,https://www.linkedin.com/company/estimateone-pty-ltd,,,,,
Acrow Formwork & Scaffolding,https://www.crunchbase.com/organization/acrow-formwork-scaffolding,http://www.acrow.com.au,,,https://www.linkedin.com/company/1911933/,,,,,
Metricon Homes,https://www.crunchbase.com/organization/metricon-homes,https://www.metricon.com.au/,https://twitter.com/MetriconHomes,https://www.facebook.com/metricon,https://www.linkedin.com/company/metricon/,,,,,
UGL Limited,https://www.crunchbase.com/organization/ugl-limited,http://www.ugllimited.com,,,https://www.linkedin.com/company/ugl-limited,,"Kidman, Will",,1946200000.0,137600000.0
Cribber,https://www.crunchbase.com/organization/cribber,https://www.afternic.com,https://twitter.com/cribberapp,https://www.facebook.com/cribberapp/,https://www.linkedin.com/company/3624812/,"Mike, -",,"Despres, Ross",,
Multiplex,https://www.crunchbase.com/organization/multiplex,http://www.multiplex.global,,,https://www.linkedin.com/company/1738839?trk=tyah&trkInfo=clickedVertical%3Acompany%2CclickedEntityId%3A1738839%2Cidx%3A3-1-5%2CtarId%3A1480465393746%2Ctas%3Amultiplex,"McDiven, Ross A.",,,3612500000.0,335800000.0
DECMIL,https://www.crunchbase.com/organization/decmil,https://decmil.com/,,,https://www.linkedin.com/company/decmil-australia,"Dique, Andries","Ings, Alan",,303700000.0,4800000.0
Currie & Brown (Australia),https://www.crunchbase.com/organization/currie-brown-australia,https://www.curriebrown.com/,https://twitter.com/curriebrown,https://www.facebook.com/Currie-Brown-260889783936635/,https://www.linkedin.com/company/currie-and-brown/,,,,,
Brickworks,https://www.crunchbase.com/organization/brickworks,https://www.brickworks.com.au,,,,,"Bakewell, Robert Canvin",,890300000.0,62400000.0
ConX,https://www.crunchbase.com/organization/conx,https://www.conxjobs.com/,https://twitter.com/ConXjobs,https://www.facebook.com/ConXjobs/,https://www.linkedin.com/company/conx,,,,,
Expocentric,https://www.crunchbase.com/organization/expocentric,http://www.expocentric.com.au,https://www.twitter.com/3xpocentric,https://www.facebook.com/expocentricfan,https://www.linkedin.com/company/expo-centric,,,,,
CIMIC Group,https://www.crunchbase.com/organization/cimic-group,https://www.cimic.com.au,https://www.twitter.com/CIMICGroup,,https://www.linkedin.com/company/cimic-group-limited/,"Santamaria, Juan","Grande, Emilio",,8254299999.999999,1790800000.0
Aurecon Engineering,https://www.crunchbase.com/organization/aurecon-engineering,http://www.aurecongroup.com/en.aspx,https://www.twitter.com/aurecon,https://www.facebook.com/aurecon,https://www.linkedin.com/company-beta/243549,,,,,
Veyor,https://www.crunchbase.com/organization/veyor,https://www.veyordigital.com/,,,https://www.linkedin.com/company/veyor-digital-aus/,,,,,
Austal,https://www.crunchbase.com/organization/austal,https://www.austal.com,https://twitter.com/austal,https://www.facebook.com/austal,https://www.linkedin.com/company/73056/,"Gregg, Patrick","Jason, Greg",,1572200000.0,145300000.0
Monadelphous Group,https://www.crunchbase.com/organization/monadelphous-group,https://www.monadelphous.com.au/,,https://www.facebook.com/MonadelphousCareers,https://www.linkedin.com/company/monadelphous,,"Trueman, Philip",,1754200000.0,73500000.0
SUNTOP Group of companies,https://www.crunchbase.com/organization/space-matrix-design-consultants,https://www.suntopgroup.com,,https://www.facebook.com/suntop,https://www.linkedin.com/company/suntopstorefixture/?viewAsMember=true,,,,,
Richard Crookes Constructions,https://www.crunchbase.com/organization/richard-crookes-constructions,http://richardcrookes.com.au/,,https://www.facebook.com/richardcrookesconstructions,https://www.linkedin.com/company/richard-crookes-constructions/,,,,,
Sync Technologies,https://www.crunchbase.com/organization/sync-technologies,https://www.synctech.io,,,https://www.linkedin.com/company/synctechnologies/about/,,,,,
Coates Hire,https://www.crunchbase.com/organization/coates-hire,https://www.coateshire.com.au,https://twitter.com/coateshire,https://www.facebook.com/CoatesHire/,https://in.linkedin.com/company/coates-hire_2,"Vitlich, Murray John","Proctor, Jeff",,775700000.0,317400000.0
Trackâ€™em,https://www.crunchbase.com/organization/track-em,https://trackem.com.au/,https://twitter.com/thetrackem,https://www.facebook.com/TheTrackem/,https://www.linkedin.com/company/thetrackem/,,,,,
Service Stream,https://www.crunchbase.com/organization/service-stream,http://www.servicestream.com.au/,,,https://www.linkedin.com/company/106608/,,"Kow, Linda",,803000000.0,58400000.0
Metcalfe Plant Hire Ltd,https://www.crunchbase.com/organization/metcalfe-plant-hire-ltd,https://www.metcalfe-plant-hire.co.uk/,https://twitter.com/MetcalfePH,,,,,,,
Ausco Holdings PTY Limited,https://www.crunchbase.com/organization/ausco-holdings-pty-limited,https://ausco.com.au/,https://www.twitter.com/https://twitter.com/auscomodular,https://ausco.com.au/,https://www.linkedin.com/company/2447312,,,,400500000.0,55600000.0
Johns Lyng Group,https://www.crunchbase.com/organization/johns-lyng-group,https://www.johnslyng.com.au/,,,https://www.linkedin.com/company/johns-lyng-group/?originalSubdomain=au,"Didier, Scott Andrew","Lunn, Matthew",,568400000.0,47900000.0
BuildPass,https://www.crunchbase.com/organization/buildpass,https://buildpass.com.au,,,https://www.linkedin.com/company/buildpass,,,,,
NDY Group,https://www.crunchbase.com/organization/ndy-group,http://www.ndy.com/about-us,https://www.twitter.com/ndygroup,https://www.facebook.com/ndygroup,https://www.linkedin.com/company/norman-disney-&-young,,,,89900000.0,6600000.0
Shelf Subsea Pty Ltd,https://www.crunchbase.com/organization/shelf-subsea-pty-ltd,http://www.shelfsubsea.com/,https://www.twitter.com/shelfsubsea,https://www.facebook.com/shelfsubsea,https://www.linkedin.com/company/7588473,,,,,
John Holland,https://www.crunchbase.com/organization/john-holland-8a86,https://www.johnholland.com.au/,https://twitter.com/johnhollandaus?lang=en,https://www.facebook.com/johnhollandaus,https://www.linkedin.com/company/john-holland/,,,,,
Golding Contractors,https://www.crunchbase.com/organization/golding-contractors,http://www.golding.com.au/,,,https://www.linkedin.com/company/golding-contractors-pty-ltd,"Caton, Geoff",,,291000000.0,37400000.0
Frontier Microscopy,https://www.crunchbase.com/organization/forntier-microscopy,https://frontiermicroscopy.com,https://twitter.com/frontiermicro,https://www.facebook.com/FrontierMicro/,https://www.linkedin.com/company/frontier-microscopy/,,,,,
Force Fire,https://www.crunchbase.com/organization/force-fire,http://forcefire.com.au,,,https://in.linkedin.com/company/force-fire,,,,,
ParaSpace,https://www.crunchbase.com/organization/paraspace,https://www.paraspace.com.au/,,https://www.facebook.com/ParaSpace-245020566436605/,https://www.linkedin.com/company/paraspace/,,,,,
Bidhive,https://www.crunchbase.com/organization/bidhive,http://www.bidhive.com,https://www.twitter.com/bidhive,https://www.facebook.com/bidhive,https://www.linkedin.com/bidhive,,,,,
Inauro,https://www.crunchbase.com/organization/inauro,https://inauro.io,https://twitter.com/_InAuro,,https://www.linkedin.com/company/inauro/,,,,,
Gwa Group,https://www.crunchbase.com/organization/gwa-group,http://www.gwagroup.com.au/,,,https://www.linkedin.com/company/gwagroup/,"Meyerhans, Urs B.","Gibson, Patrick A.",,405700000.0,70100000.0
ADCO Constructions,https://www.crunchbase.com/organization/adco-constructions,https://www.adcoconstruct.com.au/,,https://www.facebook.com/ADCOConstructionsAU/,https://www.linkedin.com/company/adco-constructions/,,,,901800000.0,18200000.0
Toplace,https://www.crunchbase.com/organization/toplace-group,https://www.toplace.com.au/,,,https://www.linkedin.com/company/toplacegroup/,,,,,
FritsGo,https://www.crunchbase.com/organization/fritsgo,https://fritsgo.com/,,https://www.facebook.com/FritsGoapp,https://www.linkedin.com/company/fritsgo,,,,,
BuildSort,https://www.crunchbase.com/organization/buildsort,https://www.buildsort.com,https://twitter.com/BuildSort,https://www.facebook.com/BuildSort/,https://www.linkedin.com/company/buildsort/,,,,,
Seymour Whyte,https://www.crunchbase.com/organization/seymour-whyte,https://www.seymourwhyte.com.au,,,,"Kirkwood, John","Padget, Nicola",,433200000.0,2100000.0
Buildsoft,https://www.crunchbase.com/organization/buildsoft,https://www.buildsoft.com.au,https://twitter.com/BuildsoftAU,https://www.facebook.com/BuildsoftEstimating,https://www.linkedin.com/company/buildsoft-pty-ltd,,,,,
Ecostar,https://www.crunchbase.com/organization/ecostar,http://www.ecostardoubleglazing.com.au,https://twitter.com/ecostar_au,https://www.facebook.com/ecostardoubleglazingaustralia,https://www.linkedin.com/company/ecostar-double-glazing,,,,,
Broadspectrum,https://www.crunchbase.com/organization/transfield-services,http://www.broadspectrum.com/,https://twitter.com/BroadServices,https://www.facebook.com/pg/BroadspectrumGroup/,https://www.linkedin.com/company/broadspectrum,,"Sutherland, Nick",,3692300000.0,156800000.0
Wagners,https://www.crunchbase.com/organization/wagners,https://www.wagner.com.au/,,,https://www.linkedin.com/company/wagners/,"Coleman, Cameron","Hume, Fergus",,320700000.0,39000000.0
Kapitol Group,https://www.crunchbase.com/organization/kapitol-group,https://www.kapitolgroup.com.au/,,,https://www.linkedin.com/company/kapitol-groupau/,,,,,
J&P Richardson Industries,https://www.crunchbase.com/organization/j-p-richardson-industries,http://www.jpr.com.au/,,,,,,,97900000.0,4400000.0
Udrew,https://www.crunchbase.com/organization/udrew,http://udrew.com.au/landing,,https://www.facebook.com/udrewptyltd/?hc_ref=ARSIrTIl9UsTfluMqPjQXserbza2Qt1talnvcfMgOQiu-8wf-8ErU1ZhumydahMTkWU&fref=nf&__tn__=kC-R,https://www.linkedin.com/company/udrewptyltd/,,,,,
Austral Construction Pty Ltd.,https://www.crunchbase.com/organization/austral-construction-pty-ltd,http://www.australconstruction.com.au/,,,,,,,,
Construction Sciences,https://www.crunchbase.com/organization/construction-sciences,https://constructionsciences.net/,,,https://www.linkedin.com/company/construction-sciences/,,,,,
Adelaide Brighton,https://www.crunchbase.com/organization/adelaide-brighton,https://adbri.com.au/,,,https://www.linkedin.com/company/adelaide-brighton-ltd/,"Miller, Nicholas D.","Mlikota, Theresa",,1505800000.0,240800000.0
Hendry,https://www.crunchbase.com/organization/hendry,https://www.hendry.com.au/,https://twitter.com/hendrygroup,,https://www.linkedin.com/company/hendry-group/,,,,,
Wesbeam,https://www.crunchbase.com/organization/wesbeam,http://www.wesbeam.com,,https://www.facebook.com/wesbeamaustralia/,https://www.linkedin.com/company/1120302/,,,,,
CPB Contractors,https://www.crunchbase.com/organization/cpb-contractors,https://www.cpbcon.com.au/,https://twitter.com/cpbcontractors,https://www.facebook.com/CPBContractors/,https://www.linkedin.com/company/cpb-contractors/,,"Carrigan, Colin",,,
Wood & Grieve Engineers,https://www.crunchbase.com/organization/wood-grieve-engineers,https://wge.com.au,https://twitter.com/@woodandgrieve,,https://www.linkedin.com/company/wood-&-grieve-engineers/,,,,,
Fredon,https://www.crunchbase.com/organization/fredon,https://fredon.com.au/,https://www.twitter.com/@FREDON_,https://www.facebook.com/Fredongroup/,https://www.linkedin.com/company/fredon/,,,,,
Planitree,https://www.crunchbase.com/organization/planitree,https://www.planitree.com/,,,https://www.linkedin.com/company/planitree/,,,,,
Anility,https://www.crunchbase.com/organization/anility,https://www.anility.io/,,https://www.facebook.com/anilityapp/,https://www.linkedin.com/company/anility/?viewAsMember=true,,,,,
Buildingsense,https://www.crunchbase.com/organization/buildingsense,http://buildingsense.com.au/,,,,,,,,
Interlink Power & Energy,https://www.crunchbase.com/organization/interlink-power-energy,http://www.interlinkpowersystems.com/,https://twitter.com/interlink_power,https://www.facebook.com/interlinkpower,,,,,,
Spa Electrics,https://www.crunchbase.com/organization/spa-electrics,https://www.spaelectrics.com.au,https://twitter.com/SpaElectrics,https://www.facebook.com/pg/SpaElectrics/,https://www.linkedin.com/company/spa-electrics/,,,,,
Glaass,https://www.crunchbase.com/organization/glaass,https://www.glaass.net,https://twitter.com/glaasssoftware,https://www.facebook.com/GlaassSoftware,https://www.linkedin.com/company/glaass,,,,,
Tiler Tiling Perth,https://www.crunchbase.com/organization/tiler-tiling-perth,https://www.tilertilingperth.com.au,https://mobile.twitter.com/PerthTiler/media,,,,,,,
Underground Cable Systems,https://www.crunchbase.com/organization/underground-cable-systems,http://www.ucs.com.au/,,,,"Ellich, Stephen",,,64700000.0,16100000.000000002
Concept Concrete Pty Ltd,https://www.crunchbase.com/organization/concept-concrete-pty-ltd,http://conceptconcrete.com.au/,https://www.twitter.com/conceptconcrete,https://www.facebook.com/conceptconcrete,,,,,,
Himac Skid Steer Attachments,https://www.crunchbase.com/organization/himac-skid-steer-attachments,http://www.himac.com.au/,,https://www.facebook.com/himacattachments,https://www.linkedin.com/company/himac-attachments,,,,,
Electrician To The Rescue,https://www.crunchbase.com/organization/electrician-to-the-rescue,http://www.electriciantotherescue.com.au/,https://www.twitter.com/electotherescue,https://www.facebook.com/209512619173654,,,,,,
Parchem,https://www.crunchbase.com/organization/parchem,http://www.parchem.com.au/,,,https://www.linkedin.com/company/parchem-construction-supplies-pty-ltd/,,,,,
Gr Engineering Svcs,https://www.crunchbase.com/organization/gr-engineering-svcs,https://www.gres.com.au/,,,https://www.linkedin.com/company/gr-engineering-services/about/,,,,,
Hutchinson Builders,https://www.crunchbase.com/organization/hutchinson-builders,https://www.hutchinsonbuilders.com.au,https://twitter.com/hutchies1912?lang=en,https://www.facebook.com/hutchies1912/,https://www.linkedin.com/company/hutchinson-builders/,,,,,
Petra Industries,https://www.crunchbase.com/organization/petra-industries-bce4,https://www.petraindustries.com.au/,,,https://www.linkedin.com/company/petra-australia/,,,,,
Protech Group,https://www.crunchbase.com/organization/protech-group,https://www.protech.com.au/,,https://www.facebook.com/ProtechGroupAustralia/,https://www.linkedin.com/company/protech-group/,,,,,
Atlas Arteria,https://www.crunchbase.com/organization/atlas-arteria,https://www.atlasarteria.com/,,,,"Bevans, Graeme Francis","Lennie, Nadine",,90600000.0,34300000.0
ULS Group,https://www.crunchbase.com/organization/uls-group,https://www.ulsgroup.com.au/,,,https://au.linkedin.com/company/uls-group-pty-ltd,,,,,
Commercial & Industrial Property Pty Ltd.,https://www.crunchbase.com/organization/commercial-industrial-property-pty-ltd,http://ciproperty.com.au,,,https://www.linkedin.com/company/commercial-and-industrial-property/,,,,,
Duratec Australia,https://www.crunchbase.com/organization/duratec-australia,https://www.duratec.com.au/,,,https://www.linkedin.com/company/duratec-australia/,,"Ryan, Paul",,235700000.0,13500000.0
BMD group,https://www.crunchbase.com/organization/bmd-group,https://www.bmd.com.au/,,https://www.facebook.com/THEBMDGROUP,https://www.linkedin.com/company/bmd-group-pty-ltd,,"Mortensen, Craig Allan",,,
Buckeridge Group of Companies,https://www.crunchbase.com/organization/buckeridge-group-of-companies,http://www.bgc.com.au/,,,https://www.linkedin.com/company/bgc-australia-pty-ltd/,,,,,
G&M Stor-More,https://www.crunchbase.com/organization/g-m-stor-more,http://www.gmstormore.com.au/,,,,,,,,
Nacap Australia,https://www.crunchbase.com/organization/nacap-australia,http://nacap.com.au/,,,https://www.linkedin.com/company-beta/769393/,,"Gordon, Calvin",,,
Tecside Group,https://www.crunchbase.com/organization/tecside-group,http://www.tecside.com.au,https://twitter.com/TecsideRecruit,https://www.facebook.com/tecside,https://www.linkedin.com/company/tecside-group,"Pollack, Shayne",,,,
UAP Company,https://www.crunchbase.com/organization/uap-company,https://www.uapcompany.com/,https://twitter.com/UAPcompany,https://www.facebook.com/pg/uapco/,https://www.linkedin.com/company/uapcompany/,,,,,
Ausreo,https://www.crunchbase.com/organization/ausreo,https://ausreo.com.au/,,,https://www.linkedin.com/company/462575/,,,,,
